FastCPU	937642488766	40	2025-03-11 15:22:01.362351
FastCPU	46548185435	39	2025-03-11 15:22:01.366603
FastCPU	75710843963	40	2025-03-11 15:22:01.370408
FastCPU	122894674441	40	2025-03-11 15:22:01.374138
FastCPU	97253441932	39	2025-03-11 15:22:01.377753
FastCPU	591963248287	40	2025-03-11 15:22:01.381622
FastCPU	308004521962	39	2025-03-11 15:22:01.385373
FastCPU	81541824152	40	2025-03-11 15:22:01.389115
FastCPU	80428507923	40	2025-03-11 15:22:01.392783
FastCPU	556742804774	39	2025-03-11 15:22:01.396691
FastCPU	873268728827	36	2025-03-11 15:22:01.400187
FastCPU	765451747251	39	2025-03-11 15:22:01.403882
FastCPU	246903270501	40	2025-03-11 15:22:01.407575
FastCPU	281662200667	38	2025-03-11 15:22:01.411191
FastCPU	149867430878	40	2025-03-11 15:22:01.415160
FastCPU	37917510175	40	2025-03-11 15:22:01.418929
FastCPU	569881756257	40	2025-03-11 15:22:01.422643
FastCPU	574813890907	38	2025-03-11 15:22:01.426263
FastCPU	903853371550	39	2025-03-11 15:22:01.430218
FastCPU	764499451356	39	2025-03-11 15:22:01.433974
FastCPU	256442637905	39	2025-03-11 15:22:01.437618
FastCPU	649058040045	39	2025-03-11 15:22:01.441221
FastCPU	208221415269	40	2025-03-11 15:22:01.445371
FastCPU	887334486571	40	2025-03-11 15:22:01.449463
FastCPU	413545138146	40	2025-03-11 15:22:01.453582
FastCPU	76230066906	40	2025-03-11 15:22:01.457388
FastCPU	255041878531	39	2025-03-11 15:22:01.461076
FastCPU	553167532974	38	2025-03-11 15:22:01.465041
FastCPU	370285047343	39	2025-03-11 15:22:01.468762
FastCPU	207620737069	39	2025-03-11 15:22:01.472385
FastCPU	217402150489	40	2025-03-11 15:22:01.476221
FastCPU	829727141903	39	2025-03-11 15:22:01.480166
FastCPU	190742521094	40	2025-03-11 15:22:01.483897
FastCPU	672987763324	38	2025-03-11 15:22:01.487478
FastCPU	902656608605	39	2025-03-11 15:22:01.491200
FastCPU	409225751165	36	2025-03-11 15:22:01.494661
FastCPU	723420042421	37	2025-03-11 15:22:01.498320
FastCPU	249998919695	35	2025-03-11 15:22:01.501704
FastCPU	940174083491	38	2025-03-11 15:22:01.505376
FastCPU	421115469414	39	2025-03-11 15:22:01.509024
FastCPU	658022509138	40	2025-03-11 15:22:01.512907
FastCPU	293470004558	40	2025-03-11 15:22:01.516768
FastCPU	961589371828	40	2025-03-11 15:22:01.520570
FastCPU	789435105916	40	2025-03-11 15:22:01.524312
FastCPU	448414155455	39	2025-03-11 15:22:01.527928
FastCPU	821967551410	39	2025-03-11 15:22:01.531817
FastCPU	291251747396	40	2025-03-11 15:22:01.535606
FastCPU	415223514828	40	2025-03-11 15:22:01.539349
FastCPU	715497910629	40	2025-03-11 15:22:01.543023
FastCPU	188954578954	40	2025-03-11 15:22:01.547020
FastCPU	150888064865	40	2025-03-11 15:22:01.550848
FastCPU	66673265356	40	2025-03-11 15:22:01.554832
FastCPU	416661170255	40	2025-03-11 15:22:01.558597
FastCPU	151536297411	39	2025-03-11 15:22:01.562290
FastCPU	878825062563	38	2025-03-11 15:22:01.565984
FastCPU	242418595281	38	2025-03-11 15:22:01.569624
FastCPU	768368002954	40	2025-03-11 15:22:01.573287
FastCPU	320416192756	40	2025-03-11 15:22:01.577037
FastCPU	436501860673	38	2025-03-11 15:22:01.580949
FastCPU	956378137432	40	2025-03-11 15:22:01.584802
FastCPU	266936136234	40	2025-03-11 15:22:01.588615
FastCPU	434965956226	40	2025-03-11 15:22:01.592346
FastCPU	169145391422	40	2025-03-11 15:22:01.596321
FastCPU	155399150910	38	2025-03-11 15:22:01.600116
FastCPU	913054120257	38	2025-03-11 15:22:01.603737
FastCPU	142593586696	39	2025-03-11 15:22:01.607407
FastCPU	616799173156	40	2025-03-11 15:22:01.611113
FastCPU	128308180093	40	2025-03-11 15:22:01.615144
FastCPU	143011693047	39	2025-03-11 15:22:01.619012
FastCPU	62303507646	38	2025-03-11 15:22:01.622490
FastCPU	606375057548	37	2025-03-11 15:22:01.626017
FastCPU	387470803314	38	2025-03-11 15:22:01.629816
FastCPU	560825744729	40	2025-03-11 15:22:01.633577
FastCPU	549731840108	39	2025-03-11 15:22:01.637278
FastCPU	812525364834	40	2025-03-11 15:22:01.640966
FastCPU	310383870524	40	2025-03-11 15:22:01.644675
FastCPU	558927219091	37	2025-03-11 15:22:01.648460
FastCPU	106483368198	40	2025-03-11 15:22:01.652169
FastCPU	204624650345	36	2025-03-11 15:22:01.655611
FastCPU	536229110735	39	2025-03-11 15:22:01.659297
FastCPU	141310992382	37	2025-03-11 15:22:01.662880
FastCPU	154272156900	39	2025-03-11 15:22:01.666529
FastCPU	122344294289	39	2025-03-11 15:22:01.670190
FastCPU	288825674998	40	2025-03-11 15:22:01.673825
FastCPU	234366048108	38	2025-03-11 15:22:01.677327
FastCPU	755210707051	39	2025-03-11 15:22:01.681250
FastCPU	753094031262	40	2025-03-11 15:22:01.685053
FastCPU	119823579326	33	2025-03-11 15:22:01.688229
FastCPU	380007452225	40	2025-03-11 15:22:01.691971
FastCPU	61622432453	39	2025-03-11 15:22:01.695963
FastCPU	729472581202	39	2025-03-11 15:22:01.699756
FastCPU	566529688145	40	2025-03-11 15:22:01.703484
FastCPU	953271422721	39	2025-03-11 15:22:01.707104
FastCPU	568211948322	39	2025-03-11 15:22:01.710721
FastCPU	536229709273	40	2025-03-11 15:22:01.714849
FastCPU	372069340333	40	2025-03-11 15:22:01.718566
FastCPU	816897493500	38	2025-03-11 15:22:01.722063
FastCPU	588951110402	39	2025-03-11 15:22:01.725650
FastCPU	618646329853	40	2025-03-11 15:22:01.729511
FastCPU	634728190942	40	2025-03-11 15:22:01.733212
FastCPU	433233712425	38	2025-03-11 15:22:01.736732
FastCPU	174674189504	40	2025-03-11 15:22:01.740507
FastCPU	829098365834	39	2025-03-11 15:22:01.744235
FastCPU	460987269925	40	2025-03-11 15:22:01.748148
FastCPU	765404145190	40	2025-03-11 15:22:01.751926
FastCPU	502372990733	39	2025-03-11 15:22:01.755624
FastCPU	422306273427	40	2025-03-11 15:22:01.759340
FastCPU	817275391429	40	2025-03-11 15:22:01.763322
FastCPU	842479660532	37	2025-03-11 15:22:01.766895
FastCPU	724462688423	40	2025-03-11 15:22:01.770661
FastCPU	916864953739	37	2025-03-11 15:22:01.774211
FastCPU	861284729207	40	2025-03-11 15:22:01.777914
FastCPU	276207247680	40	2025-03-11 15:22:01.781879
FastCPU	563074246137	40	2025-03-11 15:22:01.785661
FastCPU	218702733461	40	2025-03-11 15:22:01.789357
FastCPU	866063519835	38	2025-03-11 15:22:01.792823
FastCPU	818864981359	39	2025-03-11 15:22:01.796634
FastCPU	62927020811	40	2025-03-11 15:22:01.800342
FastCPU	83098203775	40	2025-03-11 15:22:01.804121
FastCPU	523883410826	40	2025-03-11 15:22:01.807852
FastCPU	45830307044	40	2025-03-11 15:22:01.811535
FastCPU	509549543209	39	2025-03-11 15:22:01.815423
FastCPU	897675124046	39	2025-03-11 15:22:01.819115
FastCPU	553711229490	40	2025-03-11 15:22:01.822764
FastCPU	225005003568	39	2025-03-11 15:22:01.826374
FastCPU	574113247919	40	2025-03-11 15:22:01.830284
FastCPU	478290428987	40	2025-03-11 15:22:01.834031
FastCPU	875113340697	40	2025-03-11 15:22:01.837702
FastCPU	878437928038	39	2025-03-11 15:22:01.841447
FastCPU	318852079072	40	2025-03-11 15:22:01.845244
FastCPU	315568995702	38	2025-03-11 15:22:01.849142
FastCPU	382095429337	38	2025-03-11 15:22:01.852714
FastCPU	957408812732	40	2025-03-11 15:22:01.856536
FastCPU	63763601573	39	2025-03-11 15:22:01.860170
FastCPU	41017200220	40	2025-03-11 15:22:01.864201
FastCPU	243100250086	40	2025-03-11 15:22:01.867896
FastCPU	780854902447	36	2025-03-11 15:22:01.871340
FastCPU	684426523969	39	2025-03-11 15:22:01.875016
FastCPU	548901393691	40	2025-03-11 15:22:01.878832
FastCPU	630625180273	39	2025-03-11 15:22:01.882608
FastCPU	71378382264	37	2025-03-11 15:22:01.886045
FastCPU	698242156206	37	2025-03-11 15:22:01.889670
FastCPU	980024134965	37	2025-03-11 15:22:01.893177
FastCPU	804699425056	39	2025-03-11 15:22:01.897024
FastCPU	454628934532	39	2025-03-11 15:22:01.900694
FastCPU	660342306793	37	2025-03-11 15:22:01.904276
FastCPU	983591254897	40	2025-03-11 15:22:01.907984
FastCPU	672038191291	39	2025-03-11 15:22:01.911659
FastCPU	501426138509	39	2025-03-11 15:22:01.915518
FastCPU	656813977488	40	2025-03-11 15:22:01.919381
FastCPU	38511503312	39	2025-03-11 15:22:01.923010
FastCPU	180371649039	40	2025-03-11 15:22:01.926765
FastCPU	459166886304	38	2025-03-11 15:22:01.932644
FastCPU	674127720873	40	2025-03-11 15:22:01.938472
FastCPU	972461959707	38	2025-03-11 15:22:01.943686
FastCPU	387269709126	39	2025-03-11 15:22:01.949295
FastCPU	670790392585	35	2025-03-11 15:22:01.954569
FastCPU	289579903873	39	2025-03-11 15:22:01.960506
FastCPU	710145917152	40	2025-03-11 15:22:01.965079
FastCPU	762677088622	40	2025-03-11 15:22:01.969048
FastCPU	409900963533	39	2025-03-11 15:22:01.974143
FastCPU	692576254140	40	2025-03-11 15:22:01.979127
FastCPU	585664436861	39	2025-03-11 15:22:01.983375
FastCPU	287319188899	39	2025-03-11 15:22:01.987116
FastCPU	397023223824	40	2025-03-11 15:22:01.990996
FastCPU	630112744660	38	2025-03-11 15:22:01.994640
FastCPU	736799152130	35	2025-03-11 15:22:01.998455
FastCPU	110369727071	40	2025-03-11 15:22:02.002189
FastCPU	526058432407	39	2025-03-11 15:22:02.005875
FastCPU	803905867582	40	2025-03-11 15:22:02.009611
FastCPU	371520675555	40	2025-03-11 15:22:02.013625
FastCPU	134272359471	40	2025-03-11 15:22:02.017412
FastCPU	974218580185	40	2025-03-11 15:22:02.021139
FastCPU	71672952866	39	2025-03-11 15:22:02.024798
FastCPU	191668542789	40	2025-03-11 15:22:02.028622
FastCPU	563661176407	39	2025-03-11 15:22:02.032549
FastCPU	427921545610	39	2025-03-11 15:22:02.036223
FastCPU	960245450657	40	2025-03-11 15:22:02.040026
FastCPU	367374309034	40	2025-03-11 15:22:02.043761
FastCPU	38635250376	39	2025-03-11 15:22:02.047595
FastCPU	977652756070	40	2025-03-11 15:22:02.051396
FastCPU	474059727217	40	2025-03-11 15:22:02.055163
FastCPU	225682557852	40	2025-03-11 15:22:02.058909
FastCPU	971902766507	40	2025-03-11 15:22:02.062786
FastCPU	338487780979	37	2025-03-11 15:22:02.066376
FastCPU	288832671277	39	2025-03-11 15:22:02.070011
FastCPU	131528108652	40	2025-03-11 15:22:02.073794
FastCPU	911233148766	38	2025-03-11 15:22:02.077290
FastCPU	846716960453	40	2025-03-11 15:22:02.081393
FastCPU	805925588768	38	2025-03-11 15:22:02.085072
FastCPU	957610615596	39	2025-03-11 15:22:02.088766
FastCPU	503620812305	36	2025-03-11 15:22:02.092220
FastCPU	636190311453	40	2025-03-11 15:22:02.096228
FastCPU	981229436001	33	2025-03-11 15:22:02.099597
FastCPU	561265923670	39	2025-03-11 15:22:02.103253
FastCPU	873851749365	39	2025-03-11 15:22:02.106910
FastCPU	162590112632	40	2025-03-11 15:22:02.110849
FastCPU	35194758110	40	2025-03-11 15:22:02.114847
FastCPU	54981817511	39	2025-03-11 15:22:02.118553
FastCPU	805077315978	40	2025-03-11 15:22:02.122222
FastCPU	190250704400	40	2025-03-11 15:22:02.126441
FastCPU	282223557501	39	2025-03-11 15:22:02.130381
FastCPU	275807619060	40	2025-03-11 15:22:02.134428
FastCPU	719759522804	40	2025-03-11 15:22:02.138175
FastCPU	408493476101	40	2025-03-11 15:22:02.141965
FastCPU	244540734222	39	2025-03-11 15:22:02.145698
FastCPU	296035594462	40	2025-03-11 15:22:02.149683
FastCPU	291940591819	40	2025-03-11 15:22:02.153389
FastCPU	55151775219	39	2025-03-11 15:22:02.157010
FastCPU	3801264938	40	2025-03-11 15:22:02.160747
FastCPU	78383194448	40	2025-03-11 15:22:02.164773
FastCPU	541117723422	39	2025-03-11 15:22:02.168509
FastCPU	352830507026	40	2025-03-11 15:22:02.172254
FastCPU	993346645657	36	2025-03-11 15:22:02.175697
FastCPU	614829670107	40	2025-03-11 15:22:02.179653
FastCPU	728995858836	40	2025-03-11 15:22:02.183492
FastCPU	555259121235	40	2025-03-11 15:22:02.187194
FastCPU	577836240973	40	2025-03-11 15:22:02.191072
FastCPU	514233815694	40	2025-03-11 15:22:02.194862
FastCPU	725648867121	40	2025-03-11 15:22:02.198975
FastCPU	286500263194	37	2025-03-11 15:22:02.202438
FastCPU	44083882563	40	2025-03-11 15:22:02.206278
FastCPU	201650589925	38	2025-03-11 15:22:02.209880
FastCPU	368665986027	40	2025-03-11 15:22:02.213851
FastCPU	840608078670	38	2025-03-11 15:22:02.217439
FastCPU	711390311079	39	2025-03-11 15:22:02.221146
FastCPU	239068794215	39	2025-03-11 15:22:02.224871
FastCPU	981506581400	38	2025-03-11 15:22:02.228504
FastCPU	888709677367	40	2025-03-11 15:22:02.232461
FastCPU	827354754722	37	2025-03-11 15:22:02.236003
FastCPU	147161884452	40	2025-03-11 15:22:02.239936
FastCPU	837102237118	38	2025-03-11 15:22:02.243509
FastCPU	639426048261	40	2025-03-11 15:22:02.247458
FastCPU	128143711744	40	2025-03-11 15:22:02.251274
FastCPU	305300487444	40	2025-03-11 15:22:02.255109
FastCPU	460075573844	40	2025-03-11 15:22:02.258883
FastCPU	763207119108	40	2025-03-11 15:22:02.262606
FastCPU	91610233015	39	2025-03-11 15:22:02.266580
FastCPU	187884252881	40	2025-03-11 15:22:02.270521
FastCPU	692006101267	38	2025-03-11 15:22:02.274154
FastCPU	836850443447	34	2025-03-11 15:22:02.277398
FastCPU	23744016033	39	2025-03-11 15:22:02.281317
FastCPU	928288329898	38	2025-03-11 15:22:02.285103
FastCPU	600133268863	40	2025-03-11 15:22:02.288894
FastCPU	187390015184	40	2025-03-11 15:22:02.292616
FastCPU	920628851937	40	2025-03-11 15:22:02.296470
FastCPU	682337615984	40	2025-03-11 15:22:02.300376
FastCPU	581588655536	34	2025-03-11 15:22:02.303658
FastCPU	418742671913	39	2025-03-11 15:22:02.307328
FastCPU	328026102274	40	2025-03-11 15:22:02.311103
FastCPU	45458962879	39	2025-03-11 15:22:02.315023
FastCPU	493606029076	39	2025-03-11 15:22:02.318807
FastCPU	178980039384	40	2025-03-11 15:22:02.322446
FastCPU	183457308554	38	2025-03-11 15:22:02.326069
FastCPU	486169939335	39	2025-03-11 15:22:02.330324
FastCPU	123903974280	40	2025-03-11 15:22:02.334777
FastCPU	481876594731	38	2025-03-11 15:22:02.338392
FastCPU	96270978690	39	2025-03-11 15:22:02.342043
FastCPU	92715338315	37	2025-03-11 15:22:02.345704
FastCPU	607199393927	36	2025-03-11 15:22:02.349584
FastCPU	319494271485	39	2025-03-11 15:22:02.353204
FastCPU	862754555578	36	2025-03-11 15:22:02.356577
FastCPU	52063023951	40	2025-03-11 15:22:02.360349
FastCPU	432020049548	39	2025-03-11 15:22:02.364262
FastCPU	760771975818	39	2025-03-11 15:22:02.368015
FastCPU	564312486363	37	2025-03-11 15:22:02.371545
FastCPU	314506771032	40	2025-03-11 15:22:02.375252
FastCPU	556542177152	39	2025-03-11 15:22:02.378906
FastCPU	873022140899	40	2025-03-11 15:22:02.382748
FastCPU	385764993513	38	2025-03-11 15:22:02.386399
FastCPU	985108551178	39	2025-03-11 15:22:02.390120
FastCPU	439866907314	40	2025-03-11 15:22:02.393872
FastCPU	310744421220	40	2025-03-11 15:22:02.397811
FastCPU	522542731377	37	2025-03-11 15:22:02.401387
FastCPU	706972266041	40	2025-03-11 15:22:02.405219
FastCPU	962005680614	39	2025-03-11 15:22:02.408926
FastCPU	474869134853	39	2025-03-11 15:22:02.412628
FastCPU	459686790427	40	2025-03-11 15:22:02.416567
FastCPU	24897671614	38	2025-03-11 15:22:02.420296
FastCPU	720501273683	36	2025-03-11 15:22:02.423702
FastCPU	439558726883	40	2025-03-11 15:22:02.427445
FastCPU	349715720816	40	2025-03-11 15:22:02.431448
FastCPU	107840759081	40	2025-03-11 15:22:02.435227
FastCPU	981078916737	39	2025-03-11 15:22:02.438909
FastCPU	307298276175	40	2025-03-11 15:22:02.442523
FastCPU	869323201439	40	2025-03-11 15:22:02.446695
FastCPU	801176112553	40	2025-03-11 15:22:02.450896
FastCPU	857877724272	37	2025-03-11 15:22:02.454625
FastCPU	918087727802	40	2025-03-11 15:22:02.458534
FastCPU	614948514039	39	2025-03-11 15:22:02.462232
FastCPU	70321611962	38	2025-03-11 15:22:02.466112
FastCPU	154914852970	38	2025-03-11 15:22:02.469724
FastCPU	364026775923	40	2025-03-11 15:22:02.473538
FastCPU	60524109497	39	2025-03-11 15:22:02.477428
FastCPU	633826652375	40	2025-03-11 15:22:02.481453
FastCPU	150696680362	39	2025-03-11 15:22:02.485208
FastCPU	378218938215	38	2025-03-11 15:22:02.488731
FastCPU	54643285021	40	2025-03-11 15:22:02.492425
FastCPU	793964053992	37	2025-03-11 15:22:02.495951
FastCPU	978387479845	39	2025-03-11 15:22:02.499795
FastCPU	371968481833	35	2025-03-11 15:22:02.503084
FastCPU	75266502254	40	2025-03-11 15:22:02.506840
FastCPU	406852726209	40	2025-03-11 15:22:02.510613
FastCPU	116180466512	40	2025-03-11 15:22:02.514703
FastCPU	885182863524	39	2025-03-11 15:22:02.518479
FastCPU	952370833738	39	2025-03-11 15:22:02.522093
FastCPU	196386157564	40	2025-03-11 15:22:02.525921
FastCPU	305500952923	40	2025-03-11 15:22:02.529709
FastCPU	470102671710	39	2025-03-11 15:22:02.533546
FastCPU	820182002277	39	2025-03-11 15:22:02.537228
FastCPU	440591799212	40	2025-03-11 15:22:02.541124
FastCPU	264764106851	38	2025-03-11 15:22:02.544810
FastCPU	771876671162	39	2025-03-11 15:22:02.548739
FastCPU	153926169871	37	2025-03-11 15:22:02.552342
FastCPU	302437520643	34	2025-03-11 15:22:02.555634
FastCPU	328049926261	34	2025-03-11 15:22:02.558908
FastCPU	909972074903	40	2025-03-11 15:22:02.562700
FastCPU	935897822425	40	2025-03-11 15:22:02.566653
FastCPU	250404663498	38	2025-03-11 15:22:02.570252
FastCPU	114268773863	40	2025-03-11 15:22:02.574100
FastCPU	26921979776	36	2025-03-11 15:22:02.577495
FastCPU	341823217466	37	2025-03-11 15:22:02.581207
FastCPU	639546618623	39	2025-03-11 15:22:02.584991
FastCPU	7986012469	39	2025-03-11 15:22:02.588686
FastCPU	966743024138	36	2025-03-11 15:22:02.592028
FastCPU	484129002953	40	2025-03-11 15:22:02.595831
FastCPU	55115957934	39	2025-03-11 15:22:02.599688
FastCPU	222627536716	38	2025-03-11 15:22:02.603260
FastCPU	10199338240	40	2025-03-11 15:22:02.607055
FastCPU	684333729082	40	2025-03-11 15:22:02.610878
FastCPU	703100404707	39	2025-03-11 15:22:02.614805
FastCPU	222397932772	40	2025-03-11 15:22:02.618539
FastCPU	246273169228	37	2025-03-11 15:22:02.621971
FastCPU	243720472656	38	2025-03-11 15:22:02.625508
FastCPU	345244522564	40	2025-03-11 15:22:02.629184
FastCPU	453681503889	39	2025-03-11 15:22:02.632982
FastCPU	153675912903	39	2025-03-11 15:22:02.637112
FastCPU	286766393361	39	2025-03-11 15:22:02.640805
FastCPU	412186965814	39	2025-03-11 15:22:02.644462
FastCPU	188837003546	40	2025-03-11 15:22:02.648465
FastCPU	280467091207	39	2025-03-11 15:22:02.652154
FastCPU	827803719628	40	2025-03-11 15:22:02.655865
FastCPU	656284129597	40	2025-03-11 15:22:02.659585
FastCPU	921868854722	38	2025-03-11 15:22:02.663204
FastCPU	198164530560	40	2025-03-11 15:22:02.667030
FastCPU	278257441983	40	2025-03-11 15:22:02.670780
FastCPU	91294914411	40	2025-03-11 15:22:02.674637
FastCPU	393091630523	38	2025-03-11 15:22:02.678090
FastCPU	752836508468	39	2025-03-11 15:22:02.682034
FastCPU	851581509395	40	2025-03-11 15:22:02.685841
FastCPU	393115030212	40	2025-03-11 15:22:02.689622
FastCPU	330876779505	40	2025-03-11 15:22:02.693269
FastCPU	688482240050	40	2025-03-11 15:22:02.697082
FastCPU	523259429544	39	2025-03-11 15:22:02.700965
FastCPU	473705751861	40	2025-03-11 15:22:02.704712
FastCPU	577831324779	40	2025-03-11 15:22:02.708348
FastCPU	914258332830	39	2025-03-11 15:22:02.711941
FastCPU	597508016828	35	2025-03-11 15:22:02.715484
FastCPU	122633889285	40	2025-03-11 15:22:02.719351
FastCPU	587812556329	38	2025-03-11 15:22:02.722832
FastCPU	780425184956	38	2025-03-11 15:22:02.726286
FastCPU	917690157033	40	2025-03-11 15:22:02.730132
FastCPU	398188918819	38	2025-03-11 15:22:02.733860
FastCPU	130349017482	39	2025-03-11 15:22:02.737456
FastCPU	791265996516	40	2025-03-11 15:22:02.741197
FastCPU	13649878985	39	2025-03-11 15:22:02.744892
FastCPU	661761266729	38	2025-03-11 15:22:02.748790
FastCPU	251432226572	40	2025-03-11 15:22:02.752455
FastCPU	491814000149	39	2025-03-11 15:22:02.756060
FastCPU	366284538845	35	2025-03-11 15:22:02.759354
FastCPU	5692541789	40	2025-03-11 15:22:02.763228
FastCPU	311461270771	39	2025-03-11 15:22:02.767040
FastCPU	959587846739	39	2025-03-11 15:22:02.770697
FastCPU	329822162032	40	2025-03-11 15:22:02.774383
FastCPU	962863978822	40	2025-03-11 15:22:02.778036
FastCPU	836177955634	40	2025-03-11 15:22:02.782152
FastCPU	538017709774	39	2025-03-11 15:22:02.785898
FastCPU	882708275377	37	2025-03-11 15:22:02.789362
FastCPU	140286165764	39	2025-03-11 15:22:02.792889
FastCPU	259205730815	40	2025-03-11 15:22:02.796749
FastCPU	648202853395	40	2025-03-11 15:22:02.800671
FastCPU	959675938155	38	2025-03-11 15:22:02.804239
FastCPU	630908791202	40	2025-03-11 15:22:02.807946
FastCPU	989819871127	38	2025-03-11 15:22:02.811462
FastCPU	613985353752	39	2025-03-11 15:22:02.815344
FastCPU	438629173562	40	2025-03-11 15:22:02.819097
FastCPU	638737841482	40	2025-03-11 15:22:02.822794
FastCPU	570619426363	40	2025-03-11 15:22:02.826491
FastCPU	206511381511	37	2025-03-11 15:22:02.830111
FastCPU	507619199095	36	2025-03-11 15:22:02.833664
FastCPU	756907592450	39	2025-03-11 15:22:02.837309
FastCPU	374332801647	39	2025-03-11 15:22:02.840937
FastCPU	776317326427	39	2025-03-11 15:22:02.844635
FastCPU	485028483543	39	2025-03-11 15:22:02.848488
FastCPU	973092657159	39	2025-03-11 15:22:02.852145
FastCPU	126563990461	39	2025-03-11 15:22:02.855966
FastCPU	345835210137	37	2025-03-11 15:22:02.859435
FastCPU	775923315051	37	2025-03-11 15:22:02.862971
FastCPU	333694886703	40	2025-03-11 15:22:02.866849
FastCPU	670976524726	40	2025-03-11 15:22:02.870568
FastCPU	23752317700	40	2025-03-11 15:22:02.874276
FastCPU	118032616036	40	2025-03-11 15:22:02.881436
FastCPU	789364909744	39	2025-03-11 15:22:02.886842
FastCPU	806330860881	40	2025-03-11 15:22:02.892495
FastCPU	979962246450	39	2025-03-11 15:22:02.898514
FastCPU	609983806745	40	2025-03-11 15:22:02.904769
FastCPU	697553762427	40	2025-03-11 15:22:02.909009
FastCPU	741587456240	38	2025-03-11 15:22:02.912796
FastCPU	358233626496	40	2025-03-11 15:22:02.918085
FastCPU	875068746958	40	2025-03-11 15:22:02.922746
FastCPU	598945166348	36	2025-03-11 15:22:02.926407
FastCPU	69901181429	36	2025-03-11 15:22:02.929912
FastCPU	577551196987	39	2025-03-11 15:22:02.933734
FastCPU	530064965214	40	2025-03-11 15:22:02.937441
FastCPU	964418196836	40	2025-03-11 15:22:02.941199
FastCPU	923539636170	40	2025-03-11 15:22:02.944931
FastCPU	363305757649	38	2025-03-11 15:22:02.948761
FastCPU	854678460477	37	2025-03-11 15:22:02.952227
FastCPU	841282637811	37	2025-03-11 15:22:02.955902
FastCPU	439966089679	40	2025-03-11 15:22:02.959934
FastCPU	494969957468	38	2025-03-11 15:22:02.963812
FastCPU	366620036069	39	2025-03-11 15:22:02.967881
FastCPU	856702852111	38	2025-03-11 15:22:02.971567
FastCPU	936872171724	39	2025-03-11 15:22:02.975253
FastCPU	189314601227	39	2025-03-11 15:22:02.978893
FastCPU	714546827791	40	2025-03-11 15:22:02.982859
FastCPU	949802836641	40	2025-03-11 15:22:02.986632
FastCPU	216782688076	40	2025-03-11 15:22:02.990401
FastCPU	670855530322	39	2025-03-11 15:22:02.994059
FastCPU	432808758413	40	2025-03-11 15:22:02.997924
FastCPU	882821997098	39	2025-03-11 15:22:03.001678
FastCPU	703119166413	36	2025-03-11 15:22:03.005161
FastCPU	668240982697	37	2025-03-11 15:22:03.008662
FastCPU	47697100673	40	2025-03-11 15:22:03.012278
FastCPU	424573449770	40	2025-03-11 15:22:03.016389
FastCPU	168007352131	40	2025-03-11 15:22:03.020250
FastCPU	112627457185	38	2025-03-11 15:22:03.023895
FastCPU	230776608367	40	2025-03-11 15:22:03.027579
FastCPU	886669448597	39	2025-03-11 15:22:03.031518
FastCPU	991385885064	36	2025-03-11 15:22:03.035001
FastCPU	768767982039	39	2025-03-11 15:22:03.038664
FastCPU	712156395752	38	2025-03-11 15:22:03.042245
FastCPU	569272969888	38	2025-03-11 15:22:03.045780
FastCPU	833454257743	40	2025-03-11 15:22:03.049722
FastCPU	342088953175	38	2025-03-11 15:22:03.053361
FastCPU	696806051915	40	2025-03-11 15:22:03.057070
FastCPU	857469164804	39	2025-03-11 15:22:03.060780
FastCPU	593415974390	40	2025-03-11 15:22:03.064724
FastCPU	405606196514	40	2025-03-11 15:22:03.068564
FastCPU	458002337617	39	2025-03-11 15:22:03.072191
FastCPU	76102168689	39	2025-03-11 15:22:03.075815
FastCPU	65700148267	39	2025-03-11 15:22:03.079435
FastCPU	277232431215	38	2025-03-11 15:22:03.083208
FastCPU	990898989757	40	2025-03-11 15:22:03.086999
FastCPU	258006649334	39	2025-03-11 15:22:03.090848
FastCPU	672986280157	39	2025-03-11 15:22:03.094494
FastCPU	43484810432	39	2025-03-11 15:22:03.098358
FastCPU	787677991016	40	2025-03-11 15:22:03.102244
FastCPU	301852916719	38	2025-03-11 15:22:03.105819
FastCPU	184204595482	39	2025-03-11 15:22:03.109499
FastCPU	978808401806	39	2025-03-11 15:22:03.113053
FastCPU	134720359088	40	2025-03-11 15:22:03.117031
FastCPU	772080099091	39	2025-03-11 15:22:03.120725
FastCPU	905303537267	38	2025-03-11 15:22:03.124272
FastCPU	805209706952	37	2025-03-11 15:22:03.127517
FastCPU	344536884244	39	2025-03-11 15:22:03.131457
FastCPU	425437895956	38	2025-03-11 15:22:03.135111
FastCPU	681342804851	40	2025-03-11 15:22:03.138794
FastCPU	848151719383	40	2025-03-11 15:22:03.142400
FastCPU	731758920325	40	2025-03-11 15:22:03.146031
FastCPU	189987624218	40	2025-03-11 15:22:03.150417
FastCPU	833358865485	39	2025-03-11 15:22:03.154061
FastCPU	911700318316	40	2025-03-11 15:22:03.157653
FastCPU	53509931716	40	2025-03-11 15:22:03.161261
FastCPU	790787284659	38	2025-03-11 15:22:03.165148
FastCPU	46850838097	38	2025-03-11 15:22:03.168745
FastCPU	39941717835	39	2025-03-11 15:22:03.172341
FastCPU	861790637320	39	2025-03-11 15:22:03.175937
FastCPU	513870269592	39	2025-03-11 15:22:03.179528
FastCPU	846154903689	40	2025-03-11 15:22:03.183507
FastCPU	266067416862	40	2025-03-11 15:22:03.187163
FastCPU	625850848698	40	2025-03-11 15:22:03.190895
FastCPU	816328865924	40	2025-03-11 15:22:03.194532
FastCPU	933771451194	40	2025-03-11 15:22:03.198460
FastCPU	840999041651	38	2025-03-11 15:22:03.201971
FastCPU	826764502122	40	2025-03-11 15:22:03.205641
FastCPU	819936521229	39	2025-03-11 15:22:03.209255
FastCPU	866741543884	36	2025-03-11 15:22:03.212688
FastCPU	176916292090	39	2025-03-11 15:22:03.216507
FastCPU	419117347686	40	2025-03-11 15:22:03.220350
FastCPU	528956761856	40	2025-03-11 15:22:03.224109
FastCPU	780379596231	39	2025-03-11 15:22:03.227720
FastCPU	220723169987	40	2025-03-11 15:22:03.231736
FastCPU	667110442283	40	2025-03-11 15:22:03.235500
FastCPU	292786089702	39	2025-03-11 15:22:03.239124
FastCPU	862055675318	40	2025-03-11 15:22:03.242766
FastCPU	195589320225	36	2025-03-11 15:22:03.246418
FastCPU	627034421134	40	2025-03-11 15:22:03.250404
FastCPU	419285312917	40	2025-03-11 15:22:03.254102
FastCPU	803763154337	40	2025-03-11 15:22:03.257765
FastCPU	312473375326	39	2025-03-11 15:22:03.261438
FastCPU	73806294213	39	2025-03-11 15:22:03.265291
FastCPU	513492742060	40	2025-03-11 15:22:03.269076
FastCPU	320325286114	40	2025-03-11 15:22:03.272704
FastCPU	758468888755	38	2025-03-11 15:22:03.276227
FastCPU	718054880448	40	2025-03-11 15:22:03.280236
FastCPU	609657297048	40	2025-03-11 15:22:03.284098
FastCPU	247844205878	34	2025-03-11 15:22:03.287333
FastCPU	176846283904	39	2025-03-11 15:22:03.291000
FastCPU	787397263670	38	2025-03-11 15:22:03.294615
FastCPU	644750983413	40	2025-03-11 15:22:03.298586
FastCPU	356609326633	40	2025-03-11 15:22:03.302270
FastCPU	530816642857	40	2025-03-11 15:22:03.305968
FastCPU	227411841715	38	2025-03-11 15:22:03.309602
FastCPU	870208617967	40	2025-03-11 15:22:03.313271
FastCPU	118880229322	40	2025-03-11 15:22:03.317062
FastCPU	346691813347	40	2025-03-11 15:22:03.320765
FastCPU	988378559055	40	2025-03-11 15:22:03.324503
FastCPU	901070210675	34	2025-03-11 15:22:03.327636
FastCPU	910222627969	38	2025-03-11 15:22:03.331485
FastCPU	620847876247	39	2025-03-11 15:22:03.335141
FastCPU	777117011157	40	2025-03-11 15:22:03.338846
FastCPU	113070771194	39	2025-03-11 15:22:03.342532
FastCPU	467267785608	40	2025-03-11 15:22:03.346214
FastCPU	806396880320	39	2025-03-11 15:22:03.350113
FastCPU	5624683126	40	2025-03-11 15:22:03.353955
FastCPU	916917924613	38	2025-03-11 15:22:03.357462
FastCPU	744010938076	37	2025-03-11 15:22:03.360954
FastCPU	849334196601	37	2025-03-11 15:22:03.364666
FastCPU	145621246948	39	2025-03-11 15:22:03.368334
FastCPU	879017487709	40	2025-03-11 15:22:03.371975
FastCPU	807302104092	39	2025-03-11 15:22:03.375577
FastCPU	894759980457	40	2025-03-11 15:22:03.379264
FastCPU	822651328707	40	2025-03-11 15:22:03.383154
FastCPU	217606416572	40	2025-03-11 15:22:03.386825
FastCPU	443337205515	39	2025-03-11 15:22:03.390483
FastCPU	331338042315	39	2025-03-11 15:22:03.394195
FastCPU	420572398429	39	2025-03-11 15:22:03.397958
FastCPU	245000291746	40	2025-03-11 15:22:03.401797
FastCPU	764328329236	40	2025-03-11 15:22:03.405588
FastCPU	279971817648	39	2025-03-11 15:22:03.409240
FastCPU	325339898947	36	2025-03-11 15:22:03.412558
FastCPU	682275080927	38	2025-03-11 15:22:03.416354
FastCPU	828588604660	40	2025-03-11 15:22:03.420148
FastCPU	631782460030	40	2025-03-11 15:22:03.423829
FastCPU	354808526684	39	2025-03-11 15:22:03.427347
FastCPU	559615272949	40	2025-03-11 15:22:03.431254
FastCPU	650844889300	40	2025-03-11 15:22:03.435021
FastCPU	824270322379	39	2025-03-11 15:22:03.438680
FastCPU	898705993109	35	2025-03-11 15:22:03.441918
FastCPU	620463456764	40	2025-03-11 15:22:03.445596
FastCPU	849833975344	40	2025-03-11 15:22:03.449562
FastCPU	601416822589	39	2025-03-11 15:22:03.453358
FastCPU	471508120615	37	2025-03-11 15:22:03.457056
FastCPU	994235436259	40	2025-03-11 15:22:03.460944
FastCPU	462148255971	39	2025-03-11 15:22:03.464997
FastCPU	921740557842	40	2025-03-11 15:22:03.468942
FastCPU	960980079520	39	2025-03-11 15:22:03.472498
FastCPU	475136657645	37	2025-03-11 15:22:03.476017
FastCPU	841066366658	40	2025-03-11 15:22:03.479752
FastCPU	541755302078	38	2025-03-11 15:22:03.483568
FastCPU	108428883103	39	2025-03-11 15:22:03.487267
FastCPU	223373890823	39	2025-03-11 15:22:03.490909
FastCPU	566683114825	40	2025-03-11 15:22:03.494615
FastCPU	790899603081	39	2025-03-11 15:22:03.498438
FastCPU	160407666750	40	2025-03-11 15:22:03.502185
FastCPU	366703256148	39	2025-03-11 15:22:03.505812
FastCPU	936329525616	39	2025-03-11 15:22:03.509415
FastCPU	514779089107	40	2025-03-11 15:22:03.513039
FastCPU	230485149297	40	2025-03-11 15:22:03.517071
FastCPU	966422625566	38	2025-03-11 15:22:03.520686
FastCPU	442252674577	39	2025-03-11 15:22:03.524296
FastCPU	760807423695	39	2025-03-11 15:22:03.527860
FastCPU	415694876108	31	2025-03-11 15:22:03.531065
FastCPU	483576890864	38	2025-03-11 15:22:03.534723
FastCPU	957321748284	39	2025-03-11 15:22:03.538432
FastCPU	433519350852	37	2025-03-11 15:22:03.541864
FastCPU	812269042521	40	2025-03-11 15:22:03.545571
FastCPU	43111584786	40	2025-03-11 15:22:03.549477
FastCPU	412854250858	40	2025-03-11 15:22:03.553590
FastCPU	650310827687	40	2025-03-11 15:22:03.557258
FastCPU	272618051018	40	2025-03-11 15:22:03.560948
FastCPU	750479571235	39	2025-03-11 15:22:03.564804
FastCPU	913890825107	40	2025-03-11 15:22:03.568665
FastCPU	923986939316	38	2025-03-11 15:22:03.572203
FastCPU	843323294048	38	2025-03-11 15:22:03.575770
FastCPU	114766023211	40	2025-03-11 15:22:03.579478
FastCPU	280363530872	40	2025-03-11 15:22:03.583397
FastCPU	623878257509	36	2025-03-11 15:22:03.586929
FastCPU	414731512204	39	2025-03-11 15:22:03.590613
FastCPU	3359555108	40	2025-03-11 15:22:03.594308
FastCPU	92807617811	36	2025-03-11 15:22:03.597910
FastCPU	72353820369	40	2025-03-11 15:22:03.601681
FastCPU	970707325423	39	2025-03-11 15:22:03.605281
FastCPU	631472390423	40	2025-03-11 15:22:03.609022
FastCPU	599542150438	38	2025-03-11 15:22:03.612457
FastCPU	392682630354	40	2025-03-11 15:22:03.616428
FastCPU	849223460128	40	2025-03-11 15:22:03.620289
FastCPU	443458854312	38	2025-03-11 15:22:03.623906
FastCPU	541544689829	39	2025-03-11 15:22:03.627491
FastCPU	365982476450	39	2025-03-11 15:22:03.631257
FastCPU	220285684446	37	2025-03-11 15:22:03.634849
FastCPU	187869754666	40	2025-03-11 15:22:03.638526
FastCPU	311543863246	39	2025-03-11 15:22:03.642077
FastCPU	150740956623	40	2025-03-11 15:22:03.645878
FastCPU	903634233026	40	2025-03-11 15:22:03.649867
FastCPU	113464907032	40	2025-03-11 15:22:03.653556
FastCPU	79985012778	40	2025-03-11 15:22:03.657234
FastCPU	430949025125	39	2025-03-11 15:22:03.661315
FastCPU	741780982063	40	2025-03-11 15:22:03.665198
FastCPU	489484538326	38	2025-03-11 15:22:03.668791
FastCPU	55872222136	38	2025-03-11 15:22:03.672307
FastCPU	488794338934	36	2025-03-11 15:22:03.675714
FastCPU	505840966219	38	2025-03-11 15:22:03.679246
FastCPU	953277223994	40	2025-03-11 15:22:03.683021
FastCPU	825937456832	39	2025-03-11 15:22:03.686689
FastCPU	647037302741	40	2025-03-11 15:22:03.690367
FastCPU	631987016636	39	2025-03-11 15:22:03.694060
FastCPU	620158094372	40	2025-03-11 15:22:03.697758
FastCPU	419657093280	40	2025-03-11 15:22:03.701489
FastCPU	195182705163	38	2025-03-11 15:22:03.705078
FastCPU	527826790799	36	2025-03-11 15:22:03.708547
FastCPU	701926095426	40	2025-03-11 15:22:03.712112
FastCPU	423348122235	39	2025-03-11 15:22:03.716001
FastCPU	221468485725	40	2025-03-11 15:22:03.719751
FastCPU	155672910627	38	2025-03-11 15:22:03.723342
FastCPU	541099510426	39	2025-03-11 15:22:03.726917
FastCPU	766739076044	40	2025-03-11 15:22:03.730608
FastCPU	29805231341	40	2025-03-11 15:22:03.734520
FastCPU	434136195126	39	2025-03-11 15:22:03.738094
FastCPU	670172159283	40	2025-03-11 15:22:03.741808
FastCPU	393364263268	40	2025-03-11 15:22:03.745525
FastCPU	989961771786	38	2025-03-11 15:22:03.749344
FastCPU	975309436622	39	2025-03-11 15:22:03.753082
FastCPU	41227959528	40	2025-03-11 15:22:03.756860
FastCPU	101094749470	39	2025-03-11 15:22:03.760473
FastCPU	242353430892	39	2025-03-11 15:22:03.764251
FastCPU	126275853883	40	2025-03-11 15:22:03.767976
FastCPU	332022122865	39	2025-03-11 15:22:03.771633
FastCPU	413393166035	40	2025-03-11 15:22:03.775299
FastCPU	435273131175	39	2025-03-11 15:22:03.778864
FastCPU	310723906009	39	2025-03-11 15:22:03.782762
FastCPU	352068746515	37	2025-03-11 15:22:03.786352
FastCPU	987030625948	39	2025-03-11 15:22:03.790183
FastCPU	326154093892	40	2025-03-11 15:22:03.793923
FastCPU	516663317734	39	2025-03-11 15:22:03.797537
FastCPU	778809423091	40	2025-03-11 15:22:03.801349
FastCPU	695023020609	38	2025-03-11 15:22:03.804970
FastCPU	302811008865	40	2025-03-11 15:22:03.808657
FastCPU	233949714342	39	2025-03-11 15:22:03.812161
FastCPU	432306825730	40	2025-03-11 15:22:03.816137
FastCPU	268255514415	40	2025-03-11 15:22:03.819907
FastCPU	779460088682	39	2025-03-11 15:22:03.823496
FastCPU	958213171755	40	2025-03-11 15:22:03.827113
FastCPU	264577543173	40	2025-03-11 15:22:03.830784
FastCPU	221397225698	40	2025-03-11 15:22:03.834710
FastCPU	588612196605	40	2025-03-11 15:22:03.838401
FastCPU	924559357947	37	2025-03-11 15:22:03.841836
FastCPU	837866483324	38	2025-03-11 15:22:03.845351
FastCPU	604849035373	39	2025-03-11 15:22:03.849186
FastCPU	264983732760	40	2025-03-11 15:22:03.852948
FastCPU	270380924686	38	2025-03-11 15:22:03.856550
FastCPU	469776716642	39	2025-03-11 15:22:03.860127
FastCPU	62117832089	40	2025-03-11 15:22:03.863945
FastCPU	460487108025	39	2025-03-11 15:22:03.867898
FastCPU	805420141054	40	2025-03-11 15:22:03.871683
FastCPU	447576740348	39	2025-03-11 15:22:03.875324
FastCPU	835594965048	38	2025-03-11 15:22:03.878834
FastCPU	749287898589	39	2025-03-11 15:22:03.882684
FastCPU	295500303512	39	2025-03-11 15:22:03.886629
FastCPU	353771758450	40	2025-03-11 15:22:03.890287
FastCPU	924307640881	37	2025-03-11 15:22:03.893705
FastCPU	903955973918	32	2025-03-11 15:22:03.896750
FastCPU	866401086594	38	2025-03-11 15:22:03.900614
FastCPU	939070659333	39	2025-03-11 15:22:03.904341
FastCPU	514994787509	39	2025-03-11 15:22:03.907930
FastCPU	537078325867	39	2025-03-11 15:22:03.911473
FastCPU	281779380772	40	2025-03-11 15:22:03.915469
FastCPU	643385349359	37	2025-03-11 15:22:03.919039
FastCPU	787549734398	39	2025-03-11 15:22:03.922573
FastCPU	558982969618	40	2025-03-11 15:22:03.926270
FastCPU	328594430777	39	2025-03-11 15:22:03.929846
FastCPU	295005758777	38	2025-03-11 15:22:03.933673
FastCPU	639321938876	39	2025-03-11 15:22:03.937334
FastCPU	373759188179	40	2025-03-11 15:22:03.940961
FastCPU	254031001432	40	2025-03-11 15:22:03.944648
FastCPU	475121338003	39	2025-03-11 15:22:03.948617
FastCPU	293428037552	40	2025-03-11 15:22:03.952322
FastCPU	495142524333	39	2025-03-11 15:22:03.956028
FastCPU	193804395829	39	2025-03-11 15:22:03.959741
FastCPU	18547518709	39	2025-03-11 15:22:03.963521
FastCPU	355515550172	38	2025-03-11 15:22:03.981489
FastCPU	460366436937	39	2025-03-11 15:22:03.988338
FastCPU	189352812916	40	2025-03-11 15:22:03.996525
FastCPU	115084989511	38	2025-03-11 15:22:04.000887
FastCPU	46401118723	39	2025-03-11 15:22:04.005079
FastCPU	507651967158	40	2025-03-11 15:22:04.011133
FastCPU	99131455299	40	2025-03-11 15:22:04.015410
FastCPU	785054313943	40	2025-03-11 15:22:04.019115
FastCPU	205796362965	40	2025-03-11 15:22:04.022854
FastCPU	329891004343	40	2025-03-11 15:22:04.026845
FastCPU	196213126663	36	2025-03-11 15:22:04.030434
FastCPU	116970725703	40	2025-03-11 15:22:04.034382
FastCPU	625731142813	40	2025-03-11 15:22:04.038142
FastCPU	728070221197	40	2025-03-11 15:22:04.042015
FastCPU	335456920483	36	2025-03-11 15:22:04.045572
FastCPU	869107817629	38	2025-03-11 15:22:04.049368
FastCPU	854351887141	38	2025-03-11 15:22:04.052958
FastCPU	500642648251	40	2025-03-11 15:22:04.056758
FastCPU	419807775755	37	2025-03-11 15:22:04.060317
FastCPU	374128094048	38	2025-03-11 15:22:04.063907
FastCPU	878363328100	39	2025-03-11 15:22:04.067770
FastCPU	429331717464	40	2025-03-11 15:22:04.071614
FastCPU	652849817395	39	2025-03-11 15:22:04.075381
FastCPU	38297602819	35	2025-03-11 15:22:04.078591
FastCPU	318550890314	39	2025-03-11 15:22:04.082447
FastCPU	900972968586	40	2025-03-11 15:22:04.086265
FastCPU	345607694000	39	2025-03-11 15:22:04.090030
FastCPU	914255084512	39	2025-03-11 15:22:04.093570
FastCPU	745506575334	40	2025-03-11 15:22:04.097320
FastCPU	995721797328	40	2025-03-11 15:22:04.101259
FastCPU	455877739945	39	2025-03-11 15:22:04.104971
FastCPU	705432204097	38	2025-03-11 15:22:04.108436
FastCPU	217545631280	38	2025-03-11 15:22:04.112046
FastCPU	907946212205	40	2025-03-11 15:22:04.115892
FastCPU	116156534359	40	2025-03-11 15:22:04.119883
FastCPU	175950147165	39	2025-03-11 15:22:04.123532
FastCPU	573786790136	39	2025-03-11 15:22:04.127116
FastCPU	488469327426	40	2025-03-11 15:22:04.130962
FastCPU	157197540043	40	2025-03-11 15:22:04.134832
FastCPU	405736553749	39	2025-03-11 15:22:04.138477
FastCPU	36976931438	38	2025-03-11 15:22:04.142093
FastCPU	431342501122	39	2025-03-11 15:22:04.145726
FastCPU	962842855264	40	2025-03-11 15:22:04.149707
FastCPU	159678625042	40	2025-03-11 15:22:04.153472
FastCPU	271436800752	39	2025-03-11 15:22:04.157123
FastCPU	489749535622	39	2025-03-11 15:22:04.160733
FastCPU	425647757832	39	2025-03-11 15:22:04.164374
FastCPU	44598511256	38	2025-03-11 15:22:04.168018
FastCPU	883819665640	40	2025-03-11 15:22:04.172312
FastCPU	324147007980	35	2025-03-11 15:22:04.175841
FastCPU	506206701760	39	2025-03-11 15:22:04.179502
FastCPU	405378694676	35	2025-03-11 15:22:04.183024
FastCPU	432098608424	38	2025-03-11 15:22:04.186731
FastCPU	87700063668	40	2025-03-11 15:22:04.190456
FastCPU	439492965967	40	2025-03-11 15:22:04.194109
FastCPU	120837498198	40	2025-03-11 15:22:04.197808
FastCPU	420453766389	39	2025-03-11 15:22:04.201827
FastCPU	731314324608	39	2025-03-11 15:22:04.205413
FastCPU	925533657534	40	2025-03-11 15:22:04.208949
FastCPU	31908350602	40	2025-03-11 15:22:04.212576
FastCPU	686254802147	40	2025-03-11 15:22:04.216583
FastCPU	276228133189	37	2025-03-11 15:22:04.220122
FastCPU	323528577301	38	2025-03-11 15:22:04.223612
FastCPU	729115499287	39	2025-03-11 15:22:04.227123
FastCPU	301624662764	40	2025-03-11 15:22:04.230839
FastCPU	784825732160	39	2025-03-11 15:22:04.234711
FastCPU	624278244599	40	2025-03-11 15:22:04.238351
FastCPU	95569826837	40	2025-03-11 15:22:04.241997
FastCPU	405694725939	40	2025-03-11 15:22:04.245612
FastCPU	644321173710	38	2025-03-11 15:22:04.249413
FastCPU	824191132218	40	2025-03-11 15:22:04.253050
FastCPU	559284697516	40	2025-03-11 15:22:04.256787
FastCPU	874936299304	40	2025-03-11 15:22:04.260477
FastCPU	360581378202	40	2025-03-11 15:22:04.264123
FastCPU	464963926756	40	2025-03-11 15:22:04.268047
FastCPU	11827541379	39	2025-03-11 15:22:04.271710
FastCPU	688952064380	39	2025-03-11 15:22:04.275266
FastCPU	204884037477	36	2025-03-11 15:22:04.278638
FastCPU	425149395557	38	2025-03-11 15:22:04.282393
FastCPU	123451718695	39	2025-03-11 15:22:04.286077
FastCPU	249694834400	39	2025-03-11 15:22:04.289752
FastCPU	963825500277	39	2025-03-11 15:22:04.293298
FastCPU	757062435852	38	2025-03-11 15:22:04.296950
FastCPU	78791842278	37	2025-03-11 15:22:04.300789
FastCPU	51679111673	39	2025-03-11 15:22:04.304482
FastCPU	353592203807	40	2025-03-11 15:22:04.308298
FastCPU	760310230243	40	2025-03-11 15:22:04.312093
FastCPU	931133462012	39	2025-03-11 15:22:04.315865
FastCPU	84414636350	40	2025-03-11 15:22:04.319649
FastCPU	900571918521	39	2025-03-11 15:22:04.323249
FastCPU	181242630071	40	2025-03-11 15:22:04.326882
FastCPU	350841970935	39	2025-03-11 15:22:04.330553
FastCPU	956259802338	39	2025-03-11 15:22:04.334356
FastCPU	104481382140	39	2025-03-11 15:22:04.337983
FastCPU	540376936014	40	2025-03-11 15:22:04.341684
FastCPU	440870265540	39	2025-03-11 15:22:04.345280
FastCPU	143456749637	38	2025-03-11 15:22:04.348962
FastCPU	160641015996	40	2025-03-11 15:22:04.352778
FastCPU	48603612719	37	2025-03-11 15:22:04.356168
FastCPU	694314684373	38	2025-03-11 15:22:04.359871
FastCPU	156831149345	40	2025-03-11 15:22:04.363821
FastCPU	137119548746	39	2025-03-11 15:22:04.367735
FastCPU	880159889482	38	2025-03-11 15:22:04.371364
FastCPU	785603901410	38	2025-03-11 15:22:04.374955
FastCPU	659601787654	39	2025-03-11 15:22:04.378473
FastCPU	198619946710	40	2025-03-11 15:22:04.382486
FastCPU	305125810276	40	2025-03-11 15:22:04.386271
FastCPU	373483533457	40	2025-03-11 15:22:04.389952
FastCPU	671238935775	39	2025-03-11 15:22:04.393583
FastCPU	427819034258	39	2025-03-11 15:22:04.397326
FastCPU	617824666173	40	2025-03-11 15:22:04.401394
FastCPU	103577072573	36	2025-03-11 15:22:04.404824
FastCPU	851787726164	39	2025-03-11 15:22:04.408459
FastCPU	708416844628	38	2025-03-11 15:22:04.412004
FastCPU	538582816093	39	2025-03-11 15:22:04.415752
FastCPU	950668049408	36	2025-03-11 15:22:04.419223
FastCPU	633119249507	39	2025-03-11 15:22:04.422890
FastCPU	479403919563	40	2025-03-11 15:22:04.426595
FastCPU	808534667268	39	2025-03-11 15:22:04.430177
FastCPU	88492331311	40	2025-03-11 15:22:04.434077
FastCPU	731488104829	39	2025-03-11 15:22:04.437683
FastCPU	497147927765	40	2025-03-11 15:22:04.441565
FastCPU	356932807195	37	2025-03-11 15:22:04.445067
FastCPU	177462880320	39	2025-03-11 15:22:04.448792
FastCPU	708410112649	38	2025-03-11 15:22:04.452462
FastCPU	520592800170	40	2025-03-11 15:22:04.456450
FastCPU	629576913892	38	2025-03-11 15:22:04.460213
FastCPU	491428132111	40	2025-03-11 15:22:04.463943
FastCPU	678074335507	40	2025-03-11 15:22:04.468154
FastCPU	718381015905	40	2025-03-11 15:22:04.472043
FastCPU	169656006281	40	2025-03-11 15:22:04.475840
FastCPU	465882945169	40	2025-03-11 15:22:04.479538
FastCPU	96474885608	39	2025-03-11 15:22:04.483356
FastCPU	542218168320	38	2025-03-11 15:22:04.486970
FastCPU	523914293336	39	2025-03-11 15:22:04.490544
FastCPU	130718391640	38	2025-03-11 15:22:04.493973
FastCPU	831850756666	40	2025-03-11 15:22:04.497659
FastCPU	290601929685	39	2025-03-11 15:22:04.501444
FastCPU	707521895529	39	2025-03-11 15:22:04.505133
FastCPU	118594894554	38	2025-03-11 15:22:04.508576
FastCPU	51565730080	39	2025-03-11 15:22:04.512146
FastCPU	392795401202	39	2025-03-11 15:22:04.516006
FastCPU	954922853262	37	2025-03-11 15:22:04.519594
FastCPU	206737317670	40	2025-03-11 15:22:04.523197
FastCPU	141561028970	39	2025-03-11 15:22:04.526822
FastCPU	373566811750	39	2025-03-11 15:22:04.530410
FastCPU	494962963405	39	2025-03-11 15:22:04.534230
FastCPU	598250994061	40	2025-03-11 15:22:04.537986
FastCPU	536198975662	39	2025-03-11 15:22:04.541603
FastCPU	728481089862	39	2025-03-11 15:22:04.545164
FastCPU	463182277945	38	2025-03-11 15:22:04.548826
FastCPU	778070628148	40	2025-03-11 15:22:04.552719
FastCPU	856923401006	40	2025-03-11 15:22:04.556456
FastCPU	162479042387	39	2025-03-11 15:22:04.560024
FastCPU	959124034917	39	2025-03-11 15:22:04.563581
FastCPU	15957410353	37	2025-03-11 15:22:04.567318
FastCPU	508531547912	40	2025-03-11 15:22:04.571134
FastCPU	445146129104	39	2025-03-11 15:22:04.574795
FastCPU	924466205897	40	2025-03-11 15:22:04.578423
FastCPU	128399689053	40	2025-03-11 15:22:04.582292
FastCPU	454428380225	40	2025-03-11 15:22:04.586143
FastCPU	933774397819	40	2025-03-11 15:22:04.589819
FastCPU	508830725879	39	2025-03-11 15:22:04.593402
FastCPU	870620299393	40	2025-03-11 15:22:04.597046
FastCPU	398318516026	39	2025-03-11 15:22:04.601179
FastCPU	272916631889	33	2025-03-11 15:22:04.604373
FastCPU	297577293899	38	2025-03-11 15:22:04.607875
FastCPU	499832060666	40	2025-03-11 15:22:04.611643
FastCPU	707097209210	40	2025-03-11 15:22:04.615616
FastCPU	713182728457	40	2025-03-11 15:22:04.619896
FastCPU	573502812799	40	2025-03-11 15:22:04.623585
FastCPU	672190357060	40	2025-03-11 15:22:04.627215
FastCPU	633061619683	40	2025-03-11 15:22:04.631063
FastCPU	901411426133	39	2025-03-11 15:22:04.634911
FastCPU	19884821886	36	2025-03-11 15:22:04.638235
FastCPU	589559856409	40	2025-03-11 15:22:04.641922
FastCPU	751919826419	36	2025-03-11 15:22:04.645277
FastCPU	423701208596	40	2025-03-11 15:22:04.649168
FastCPU	155802164812	40	2025-03-11 15:22:04.652915
FastCPU	463319718823	40	2025-03-11 15:22:04.656714
FastCPU	408957695508	40	2025-03-11 15:22:04.660486
FastCPU	126596286165	35	2025-03-11 15:22:04.663787
FastCPU	13957922948	38	2025-03-11 15:22:04.667510
FastCPU	87333221014	40	2025-03-11 15:22:04.671296
FastCPU	226798783343	40	2025-03-11 15:22:04.674991
FastCPU	133945492784	40	2025-03-11 15:22:04.678724
FastCPU	938778723818	39	2025-03-11 15:22:04.682948
FastCPU	751573632705	32	2025-03-11 15:22:04.686215
FastCPU	111856620296	39	2025-03-11 15:22:04.689769
FastCPU	290727477220	40	2025-03-11 15:22:04.693346
FastCPU	322494673193	40	2025-03-11 15:22:04.697129
FastCPU	870352488969	39	2025-03-11 15:22:04.701023
FastCPU	640145800912	39	2025-03-11 15:22:04.704641
FastCPU	773172629217	39	2025-03-11 15:22:04.708359
FastCPU	570188052456	35	2025-03-11 15:22:04.711724
FastCPU	724835806900	38	2025-03-11 15:22:04.715298
FastCPU	496829053758	37	2025-03-11 15:22:04.718835
FastCPU	456359320337	39	2025-03-11 15:22:04.722456
FastCPU	350762770210	40	2025-03-11 15:22:04.726267
FastCPU	739201036697	39	2025-03-11 15:22:04.729910
FastCPU	775403297736	40	2025-03-11 15:22:04.733812
FastCPU	783327773297	38	2025-03-11 15:22:04.737425
FastCPU	439280726428	40	2025-03-11 15:22:04.741211
FastCPU	445374183968	40	2025-03-11 15:22:04.744942
FastCPU	914302433609	32	2025-03-11 15:22:04.747953
FastCPU	616513517117	40	2025-03-11 15:22:04.751830
FastCPU	14767673581	40	2025-03-11 15:22:04.755529
FastCPU	99634598410	39	2025-03-11 15:22:04.759159
FastCPU	434049745135	39	2025-03-11 15:22:04.762711
FastCPU	181372885473	40	2025-03-11 15:22:04.766678
FastCPU	384846470361	40	2025-03-11 15:22:04.770445
FastCPU	969824389241	37	2025-03-11 15:22:04.773894
FastCPU	401118247844	40	2025-03-11 15:22:04.777552
FastCPU	772064644755	39	2025-03-11 15:22:04.781263
FastCPU	496717698908	39	2025-03-11 15:22:04.785129
FastCPU	767972653935	40	2025-03-11 15:22:04.788749
FastCPU	876574008620	40	2025-03-11 15:22:04.792573
FastCPU	510504002697	40	2025-03-11 15:22:04.796257
FastCPU	201264502968	37	2025-03-11 15:22:04.800003
FastCPU	212386590945	37	2025-03-11 15:22:04.803517
FastCPU	960915093214	39	2025-03-11 15:22:04.807125
FastCPU	450143947641	38	2025-03-11 15:22:04.810871
FastCPU	206310125031	39	2025-03-11 15:22:04.814516
FastCPU	748006563253	39	2025-03-11 15:22:04.818302
FastCPU	86043995895	38	2025-03-11 15:22:04.821902
FastCPU	670014098355	38	2025-03-11 15:22:04.825426
FastCPU	787888913726	40	2025-03-11 15:22:04.829054
FastCPU	356753212851	36	2025-03-11 15:22:04.832679
FastCPU	17957184782	39	2025-03-11 15:22:04.836346
FastCPU	268207648360	39	2025-03-11 15:22:04.840192
FastCPU	645487141506	40	2025-03-11 15:22:04.843856
FastCPU	379436375697	37	2025-03-11 15:22:04.847277
FastCPU	500743937313	40	2025-03-11 15:22:04.851234
FastCPU	972256253939	40	2025-03-11 15:22:04.855057
FastCPU	487400285735	38	2025-03-11 15:22:04.858535
FastCPU	219446044618	35	2025-03-11 15:22:04.861797
FastCPU	875374767705	40	2025-03-11 15:22:04.865684
FastCPU	369826530628	39	2025-03-11 15:22:04.869357
FastCPU	326309031354	40	2025-03-11 15:22:04.873024
FastCPU	178910150448	40	2025-03-11 15:22:04.876745
FastCPU	466785149285	40	2025-03-11 15:22:04.880483
FastCPU	101608571396	40	2025-03-11 15:22:04.884428
FastCPU	875487682936	40	2025-03-11 15:22:04.888117
FastCPU	65987967402	38	2025-03-11 15:22:04.891722
FastCPU	985657318602	40	2025-03-11 15:22:04.895341
FastCPU	963470058113	40	2025-03-11 15:22:04.899086
FastCPU	457387639992	38	2025-03-11 15:22:04.902685
FastCPU	541180752940	39	2025-03-11 15:22:04.906351
FastCPU	767618835035	38	2025-03-11 15:22:04.909899
FastCPU	226364279050	40	2025-03-11 15:22:04.913485
FastCPU	901250743096	37	2025-03-11 15:22:04.917190
FastCPU	964770218493	40	2025-03-11 15:22:04.920905
FastCPU	215854834328	39	2025-03-11 15:22:04.924558
FastCPU	17588792164	39	2025-03-11 15:22:04.928091
FastCPU	418791992366	39	2025-03-11 15:22:04.931772
FastCPU	335228829527	40	2025-03-11 15:22:04.935725
FastCPU	963241242081	39	2025-03-11 15:22:04.939314
FastCPU	638344394795	39	2025-03-11 15:22:04.942943
FastCPU	819671765837	39	2025-03-11 15:22:04.946581
FastCPU	219353467187	38	2025-03-11 15:22:04.950380
FastCPU	138354343145	40	2025-03-11 15:22:04.953949
FastCPU	737195567388	40	2025-03-11 15:22:04.957608
FastCPU	282509577189	38	2025-03-11 15:22:04.961092
FastCPU	431515455341	40	2025-03-11 15:22:04.964681
FastCPU	963863789078	38	2025-03-11 15:22:04.968624
FastCPU	145527479149	40	2025-03-11 15:22:04.972608
FastCPU	725701409470	40	2025-03-11 15:22:04.976523
FastCPU	563081888371	39	2025-03-11 15:22:04.980265
FastCPU	277567040810	39	2025-03-11 15:22:04.984180
FastCPU	848249957709	40	2025-03-11 15:22:04.987910
FastCPU	845957858874	37	2025-03-11 15:22:04.991395
FastCPU	827092365628	39	2025-03-11 15:22:04.994925
FastCPU	608151928694	34	2025-03-11 15:22:04.998166
FastCPU	771687902860	39	2025-03-11 15:22:05.002044
FastCPU	186196164026	40	2025-03-11 15:22:05.005729
FastCPU	698608354951	39	2025-03-11 15:22:05.009268
FastCPU	98530497430	35	2025-03-11 15:22:05.012553
FastCPU	438440996616	40	2025-03-11 15:22:05.016528
FastCPU	798400559944	40	2025-03-11 15:22:05.020294
FastCPU	857612960852	40	2025-03-11 15:22:05.023962
FastCPU	295840408998	38	2025-03-11 15:22:05.027515
FastCPU	696359334784	39	2025-03-11 15:22:05.031178
FastCPU	235735164005	38	2025-03-11 15:22:05.034941
FastCPU	447003840656	40	2025-03-11 15:22:05.038592
FastCPU	45102063019	39	2025-03-11 15:22:05.042277
FastCPU	118598603077	39	2025-03-11 15:22:05.045925
FastCPU	38916144077	40	2025-03-11 15:22:05.049862
FastCPU	718293273365	39	2025-03-11 15:22:05.053464
FastCPU	106893168687	40	2025-03-11 15:22:05.057122
FastCPU	404121518140	40	2025-03-11 15:22:05.060852
FastCPU	232453605621	40	2025-03-11 15:22:05.064542
FastCPU	191024868730	40	2025-03-11 15:22:05.068434
FastCPU	732479152946	40	2025-03-11 15:22:05.072170
FastCPU	722142770088	40	2025-03-11 15:22:05.075904
FastCPU	951757781998	38	2025-03-11 15:22:05.079373
FastCPU	85358485870	34	2025-03-11 15:22:05.082747
FastCPU	50092576562	39	2025-03-11 15:22:05.086399
FastCPU	420981475080	36	2025-03-11 15:22:05.089752
FastCPU	237499102954	38	2025-03-11 15:22:05.093356
FastCPU	610036101356	40	2025-03-11 15:22:05.097030
FastCPU	396228163673	40	2025-03-11 15:22:05.100984
FastCPU	656918961064	40	2025-03-11 15:22:05.104890
FastCPU	223395380644	39	2025-03-11 15:22:05.108458
FastCPU	320339988742	40	2025-03-11 15:22:05.115681
FastCPU	446091275570	39	2025-03-11 15:22:05.121467
FastCPU	419530651603	40	2025-03-11 15:22:05.127207
FastCPU	356141845972	36	2025-03-11 15:22:05.132387
FastCPU	865296013610	40	2025-03-11 15:22:05.139643
FastCPU	878985914647	39	2025-03-11 15:22:05.143805
FastCPU	185679839461	40	2025-03-11 15:22:05.148119
